{
  "POST /payments" : {
    "transaction" : "POST /payments",
    "sampleCount" : 50,
    "errorCount" : 0,
    "errorPct" : 0.0,
    "meanResTime" : 3.099999999999999,
    "medianResTime" : 2.0,
    "minResTime" : 1.0,
    "maxResTime" : 31.0,
    "pct1ResTime" : 4.899999999999999,
    "pct2ResTime" : 5.0,
    "pct3ResTime" : 31.0,
    "throughput" : 12.725884448969204,
    "receivedKBytesPerSec" : 2.883208195469585,
    "sentKBytesPerSec" : 3.691003595062357
  },
  "Total" : {
    "transaction" : "Total",
    "sampleCount" : 50,
    "errorCount" : 0,
    "errorPct" : 0.0,
    "meanResTime" : 3.099999999999999,
    "medianResTime" : 2.0,
    "minResTime" : 1.0,
    "maxResTime" : 31.0,
    "pct1ResTime" : 4.899999999999999,
    "pct2ResTime" : 5.0,
    "pct3ResTime" : 31.0,
    "throughput" : 12.725884448969204,
    "receivedKBytesPerSec" : 2.883208195469585,
    "sentKBytesPerSec" : 3.691003595062357
  }
}