{
  "POST /payments" : {
    "transaction" : "POST /payments",
    "sampleCount" : 50,
    "errorCount" : 0,
    "errorPct" : 0.0,
    "meanResTime" : 5.640000000000001,
    "medianResTime" : 5.0,
    "minResTime" : 3.0,
    "maxResTime" : 41.0,
    "pct1ResTime" : 6.899999999999999,
    "pct2ResTime" : 8.0,
    "pct3ResTime" : 41.0,
    "throughput" : 12.7420998980632,
    "receivedKBytesPerSec" : 2.886882008154944,
    "sentKBytesPerSec" : 3.6957067087155964
  },
  "Total" : {
    "transaction" : "Total",
    "sampleCount" : 50,
    "errorCount" : 0,
    "errorPct" : 0.0,
    "meanResTime" : 5.640000000000001,
    "medianResTime" : 5.0,
    "minResTime" : 3.0,
    "maxResTime" : 41.0,
    "pct1ResTime" : 6.899999999999999,
    "pct2ResTime" : 8.0,
    "pct3ResTime" : 41.0,
    "throughput" : 12.7420998980632,
    "receivedKBytesPerSec" : 2.886882008154944,
    "sentKBytesPerSec" : 3.6957067087155964
  }
}