{
  "POST /payments" : {
    "transaction" : "POST /payments",
    "sampleCount" : 50,
    "errorCount" : 0,
    "errorPct" : 0.0,
    "meanResTime" : 2.2200000000000006,
    "medianResTime" : 2.0,
    "minResTime" : 1.0,
    "maxResTime" : 24.0,
    "pct1ResTime" : 3.0,
    "pct2ResTime" : 4.449999999999996,
    "pct3ResTime" : 24.0,
    "throughput" : 12.680699974638602,
    "receivedKBytesPerSec" : 2.872971088004058,
    "sentKBytesPerSec" : 3.677898332487953
  },
  "Total" : {
    "transaction" : "Total",
    "sampleCount" : 50,
    "errorCount" : 0,
    "errorPct" : 0.0,
    "meanResTime" : 2.2200000000000006,
    "medianResTime" : 2.0,
    "minResTime" : 1.0,
    "maxResTime" : 24.0,
    "pct1ResTime" : 3.0,
    "pct2ResTime" : 4.449999999999996,
    "pct3ResTime" : 24.0,
    "throughput" : 12.680699974638602,
    "receivedKBytesPerSec" : 2.872971088004058,
    "sentKBytesPerSec" : 3.677898332487953
  }
}